index,t,n,dn,rates
2,100.21000000001436,2,-2.0,99.99999999994884
3,100.22000000001437,0,,
