index,t,n,dn,rates
7,170.09999999999462,4,-2.0,0.004545454545454017
29,390.1000000000202,2,-2.0,9.999999999997726
30,390.2000000000202,0,,
