index,t,n,dn,rates
18,280.0999999999952,2,2.0,0.009999999999997743
28,380.10000000001776,4,-2.0,0.04999999999998806
30,400.10000000002253,2,-2.0,9.999999999997726
31,400.20000000002256,0,,
