index,t,n,dn,rates
2,120.09999999999745,4,2.0,0.025000000000001413
6,160.0999999999952,6,-2.0,0.10000000000000568
7,170.09999999999462,4,2.0,0.10000000000000568
8,180.09999999999405,6,2.0,0.050000000000002986
10,200.09999999999286,8,-2.0,0.10000000000000454
11,210.0999999999924,6,-6.0,10.000000000000568
12,210.1999999999924,0,,
