index,t,n,dn,rates
12,220.0999999999917,2,2.0,0.009090909090907862
23,330.10000000000656,4,-2.0,0.09999999999997726
24,340.10000000000883,2,-2.0,9.999999999997726
25,340.20000000000886,0,,
