index,t,n,dn,rates
2036,303.6099999998689,4,2.0,0.03875968992251587
2294,329.4099999998454,6,2.0,1.6666666666681824
2300,330.00999999984487,8,-2.0,0.011876484560580873
3142,414.2099999997683,6,-2.0,0.005730659025793176
4887,588.7099999996096,4,-2.0,0.011904761904772732
5727,672.7099999995332,2,-2.0,100.00000000009095
5728,672.7199999995332,0,,
