index,t,n,dn,rates
4583,558.3099999996373,2,2.0,0.015625000000014183
5223,622.3099999995792,4,2.0,0.5555555555560959
5241,624.1099999995774,6,-2.0,0.05376344086026395
5427,642.7099999995605,4,-2.0,0.012903225806463348
6202,720.20999999949,2,-2.0,100.00000000009095
6203,720.21999999949,0,,
