index,t,n,dn,rates
5,150.09999999999576,4,2.0,0.10000000000000568
6,160.0999999999952,6,2.0,0.10000000000000568
7,170.09999999999462,8,-2.0,0.10000000000000568
8,180.09999999999405,6,-2.0,0.10000000000000568
9,190.09999999999349,4,-2.0,0.10000000000000625
10,200.09999999999286,2,-2.0,10.000000000000568
11,200.19999999999285,0,,
