index,t,n,dn,rates
57,105.71000000001715,2,-2.0,99.99999999994884
58,105.72000000001715,0,,
