index,t,n,dn,rates
10,200.09999999999286,2,2.0,0.006249999999999203
26,360.10000000001327,4,2.0,0.049999999999988776
28,380.10000000001776,6,-4.0,0.0333333333333255
31,410.1000000000248,2,-2.0,9.999999999997726
32,410.20000000002483,0,,
