index,t,n,dn,rates
113,111.31000000002004,4,-2.0,0.04291845493561769
346,134.61000000002255,2,-2.0,100.00000000009095
347,134.62000000002254,0,,
