index,t,n,dn,rates
20,300.09999999999974,2,2.0,0.01666666666666291
26,360.10000000001327,4,-2.0,0.03333333333332563
29,390.1000000000202,2,-2.0,9.999999999997726
30,390.2000000000202,0,,
