index,t,n,dn,rates
3,130.0999999999969,2,-2.0,10.000000000000568
4,130.1999999999969,0,,
