index,t,n,dn,rates
2,120.09999999999745,6,-2.0,0.10000000000000554
3,130.0999999999969,4,2.0,0.05000000000000284
5,150.09999999999576,6,2.0,0.05000000000000284
7,170.09999999999462,8,-2.0,0.05000000000000284
9,190.09999999999349,6,-2.0,0.01250000000000009
17,270.0999999999929,4,2.0,0.02499999999999435
21,310.10000000000196,6,-2.0,0.00322580645161217
52,620.1000000000724,4,-2.0,0.0024999999999994315
92,1020.1000000001634,2,-2.0,9.999999999997726
93,1020.2000000001634,0,,
