index,t,n,dn,rates
1,110.09999999999802,4,2.0,0.03333333333333521
4,140.09999999999633,6,-4.0,0.009090909090909607
15,250.09999999999008,2,2.0,0.006249999999998643
31,410.1000000000248,4,2.0,0.049999999999988776
33,430.1000000000293,6,-2.0,0.00555555555555429
51,610.1000000000703,4,-2.0,0.011111111111108598
60,700.1000000000906,2,-2.0,9.999999999997726
61,700.2000000000907,0,,
