index,t,n,dn,rates
17,270.0999999999929,4,2.0,0.09999999999997726
18,280.0999999999952,6,-2.0,0.04999999999998863
20,300.09999999999974,4,2.0,0.024999999999994315
24,340.10000000000883,6,-2.0,0.09999999999997612
25,350.1000000000112,4,-2.0,0.008333333333331446
37,470.1000000000384,2,2.0,0.049999999999988776
39,490.1000000000429,4,-2.0,0.00833333333333143
51,610.1000000000703,2,-2.0,9.999999999997726
52,610.2000000000703,0,,
