index,t,n,dn,rates
567,156.71000000000245,4,-2.0,0.010030090270821556
1564,256.4099999999118,2,2.0,0.03154574132494966
1881,288.10999999988314,4,2.0,0.03086419753089243
2205,320.5099999998535,6,2.0,0.06451612903231697
2360,336.00999999983935,8,-2.0,0.10204081632662283
2458,345.8099999998305,6,-2.0,0.28571428571454094
2493,349.30999999982737,4,-2.0,0.009746588693965991
3519,451.90999999973394,2,-2.0,100.00000000009095
3520,451.91999999973393,0,,
