index,t,n,dn,rates
2,120.09999999999745,4,-2.0,0.011111111111111734
11,210.0999999999924,2,2.0,0.050000000000003056
13,230.09999999999118,4,-2.0,0.10000000000000568
14,240.09999999999062,2,-2.0,10.000000000000568
15,240.1999999999906,0,,
