index,t,n,dn,rates
11,210.0999999999924,4,-4.0,10.000000000000568
12,210.1999999999924,0,,
