index,t,n,dn,rates
12,220.0999999999917,4,-2.0,0.0045454545454537195
34,440.1000000000317,2,1.0,0.09999999999997954
35,450.10000000003373,3,-1.0,0.0030303030303023407
68,780.1000000001088,2,2.0,0.006249999999998574
84,940.1000000001453,4,-2.0,0.019999999999995497
89,990.1000000001566,2,2.0,0.02499999999999872
93,1030.1000000001586,4,-2.0,0.016666666666681824
99,1090.100000000104,2,-2.0,10.000000000009095
100,1090.200000000104,0,,
