index,t,n,dn,rates
1,110.09999999999802,6,-2.0,0.050000000000002806
3,130.0999999999969,4,-2.0,0.002127659574467764
50,600.1000000000679,2,2.0,0.008333333333331439
62,720.1000000000952,4,-2.0,0.00714285714285553
76,860.1000000001268,2,-2.0,9.999999999997726
77,860.2000000001268,0,,
