index,t,n,dn,rates
1498,249.8099999999177,2,-2.0,100.00000000009095
1499,249.81999999991768,0,,
