index,t,n,dn,rates
553,155.31000000000373,4,2.0,0.5263157894741629
572,157.210000000002,6,2.0,0.10000000000009095
672,167.2099999999929,8,-2.0,0.061349693251589434
835,183.5099999999781,6,-2.0,0.38461538461573863
861,186.1099999999757,4,2.0,3.333333333336365
864,186.40999999997544,6,-2.0,0.3846153846157302
890,189.0099999999731,4,-2.0,0.24390243902461545
931,193.10999999996932,2,-2.0,100.00000000009095
932,193.1199999999693,0,,
