index,t,n,dn,rates
0,100.09999999999859,9,3.0,0.05000000000000284
2,120.09999999999745,12,-2.0,0.10000000000000554
3,130.0999999999969,10,-4.0,0.10000000000000568
4,140.09999999999633,6,2.0,0.10000000000000568
5,150.09999999999576,8,-4.0,0.10000000000000568
6,160.0999999999952,4,-2.0,0.10000000000000568
7,170.09999999999462,2,1.0,0.10000000000000568
8,180.09999999999405,3,-1.0,0.00833333333333294
20,300.09999999999974,2,-2.0,9.999999999997726
21,300.19999999999976,0,,
