index,t,n,dn,rates
429,142.910000000015,4,-2.0,0.013966480446940077
1145,214.50999999994988,2,-2.0,100.00000000009095
1146,214.51999999994987,0,,
