index,t,n,dn,rates
1,110.09999999999802,6,-2.0,0.005263157894736795
20,300.09999999999974,4,-2.0,0.004166666666665719
44,540.1000000000544,2,1.0,0.0999999999999784
45,550.1000000000565,3,-1.0,0.005882352941175133
62,720.1000000000952,2,-2.0,9.999999999997726
63,720.2000000000952,0,,
