index,t,n,dn,rates
926,192.60999999996983,2,2.0,0.02028397565924767
1419,241.90999999992496,4,-2.0,0.004255319148940042
3769,476.90999999971115,2,-2.0,100.00000000009095
3770,476.91999999971114,0,,
