index,t,n,dn,rates
906,190.6099999999716,6,2.0,0.34482758620720677
935,193.50999999996898,8,-2.0,0.4000000000003638
960,196.0099999999667,6,-2.0,0.0990099009901885
1061,206.10999999995758,4,-2.0,0.022727272727293458
1501,250.10999999991745,2,2.0,0.0072992700729993375
2871,387.1099999997929,4,-2.0,0.04048582995955081
3118,411.8099999997705,2,-2.0,100.00000000009095
3119,411.8199999997705,0,,
