index,t,n,dn,rates
158,115.81000000002234,6,-2.0,0.15873015873007754
221,122.11000000002556,4,-2.0,9.999999999994884
222,122.21000000002562,2,2.0,4.999999999997797
224,122.4100000000257,4,-2.0,0.017889087656543245
783,178.3099999999828,2,2.0,0.22727272727293252
827,182.70999999997883,4,-2.0,0.00706214689266179
2243,324.30999999985005,2,-2.0,100.00000000009095
2244,324.31999999985004,0,,
