index,t,n,dn,rates
26,360.10000000001327,6,-2.0,0.0026315789473678216
64,740.1000000000998,4,2.0,0.009090909090907024
75,850.1000000001249,6,-2.0,0.009090909090907043
86,960.1000000001496,4,2.0,0.016666666666662847
92,1020.1000000001634,6,-2.0,0.004761904761908995
113,1230.0999999999767,4,-2.0,0.007142857142863628
127,1370.0999999998496,2,-2.0,10.000000000009095
128,1370.1999999998495,0,,
