index,t,n,dn,rates
2,120.09999999999745,8,-2.0,0.10000000000000554
3,130.0999999999969,6,-2.0,0.02500000000000142
7,170.09999999999462,4,-2.0,0.004545454545454017
29,390.1000000000202,2,1.0,0.09999999999997669
30,400.10000000002253,3,-1.0,0.03333333333332582
33,430.1000000000293,2,2.0,0.005882352941175135
50,600.1000000000679,4,-2.0,0.012499999999997157
58,680.1000000000861,2,-2.0,9.999999999997726
59,680.2000000000861,0,,
