index,t,n,dn,rates
1,110.09999999999802,6,-2.0,0.03333333333333521
4,140.09999999999633,4,-2.0,0.10000000000000568
5,150.09999999999576,2,2.0,0.0166666666666676
11,210.0999999999924,4,2.0,0.01249999999999921
19,290.09999999999746,6,1.0,0.09999999999997726
20,300.09999999999974,7,-1.0,0.09999999999997783
21,310.10000000000196,6,-2.0,0.09999999999997669
22,320.1000000000043,4,-2.0,0.03333333333332563
25,350.1000000000112,2,-2.0,9.999999999997726
26,350.20000000001124,0,,
