index,t,n,dn,rates
395,139.5100000000181,8,-2.0,0.14925373134341932
462,146.210000000012,6,-2.0,0.0045187528242246235
2675,367.5099999998108,4,-2.0,0.02949852507377314
3014,401.40999999978,2,2.0,0.05128205128209807
3209,420.9099999997622,4,-2.0,0.11111111111121216
3299,429.909999999754,2,2.0,0.014641288433395466
3982,498.20999999969183,4,-2.0,0.014025245441807966
4695,569.5099999996271,2,-2.0,100.00000000009095
4696,569.5199999996271,0,,
