index,t,n,dn,rates
12,220.0999999999917,2,2.0,0.0500000000000027
14,240.09999999999062,4,-2.0,0.01999999999999726
19,290.09999999999746,2,2.0,0.09999999999997726
20,300.09999999999974,4,2.0,0.04999999999998863
22,320.1000000000043,6,-2.0,0.004347826086955534
45,550.1000000000565,4,-2.0,0.019999999999995452
50,600.1000000000679,2,-2.0,9.999999999997726
51,600.2000000000679,0,,
