index,t,n,dn,rates
15,250.09999999999008,2,-2.0,10.000000000000568
16,250.19999999999007,0,,
