index,t,n,dn,rates
22,320.1000000000043,4,-2.0,0.09999999999997726
23,330.10000000000656,2,-2.0,9.999999999997726
24,330.2000000000066,0,,
