index,t,n,dn,rates
5,150.09999999999576,6,2.0,0.05000000000000284
7,170.09999999999462,8,-2.0,0.05000000000000284
9,190.09999999999349,6,-2.0,0.10000000000000625
10,200.09999999999286,4,-2.0,0.025000000000001403
14,240.09999999999062,2,2.0,0.02499999999999714
18,280.0999999999952,4,1.0,0.09999999999997726
19,290.09999999999746,5,-1.0,0.09999999999997726
20,300.09999999999974,4,-2.0,0.008333333333331439
32,420.100000000027,2,-2.0,9.999999999997726
33,420.20000000002705,0,,
