index,t,n,dn,rates
5,150.09999999999576,4,-2.0,0.007692307692307726
18,280.0999999999952,2,2.0,0.014285714285711014
25,350.1000000000112,4,-2.0,0.007142857142855528
39,490.1000000000429,2,-2.0,9.999999999997726
40,490.2000000000429,0,,
