index,t,n,dn,rates
2,100.21000000001436,8,-2.0,0.13513513513506575
76,107.61000000001816,6,-2.0,0.02262443438914603
518,151.8100000000069,4,-2.0,0.007507507507514331
1850,285.00999999988585,2,2.0,0.014409221902030409
2544,354.4099999998227,4,-2.0,0.008271298593886754
3753,475.30999999971283,2,-2.0,100.00000000009095
3754,475.3199999997128,0,,
