index,t,n,dn,rates
1,110.09999999999802,10,-2.0,0.10000000000000568
2,120.09999999999745,8,-2.0,0.10000000000000554
3,130.0999999999969,6,-2.0,0.02000000000000114
8,180.09999999999405,4,-2.0,0.033333333333335165
11,210.0999999999924,2,2.0,0.00769230769230672
24,340.10000000000883,4,-2.0,0.03333333333332569
27,370.1000000000157,2,-2.0,9.999999999997726
28,370.20000000001573,0,,
