index,t,n,dn,rates
28,380.10000000001776,2,-2.0,9.999999999997726
29,380.2000000000178,0,,
