index,t,n,dn,rates
6,160.0999999999952,4,-2.0,0.003448275862068507
35,450.10000000003373,2,2.0,0.01666666666666283
41,510.10000000004754,4,-2.0,0.004761904761903682
62,720.1000000000952,2,-2.0,9.999999999997726
63,720.2000000000952,0,,
