index,t,n,dn,rates
165,116.5100000000227,6,-2.0,0.010224948875263215
1143,214.3099999999501,4,2.0,0.3225806451615867
1174,217.40999999994725,6,-2.0,0.011834319526637986
2019,301.90999999987037,4,-2.0,0.003859513701277148
4610,561.0099999996348,2,2.0,0.5263157894741629
4629,562.9099999996331,4,1.0,10.000000000009095
4630,563.009999999633,5,-1.0,10.000000000009095
4631,563.1099999996329,4,-2.0,0.0069060773480725795
6079,707.9099999995012,2,-2.0,100.00000000009095
6080,707.9199999995012,0,,
