index,t,n,dn,rates
673,167.3099999999928,2,-2.0,100.00000000009095
674,167.3199999999928,0,,
