index,t,n,dn,rates
2,120.09999999999745,10,-2.0,0.014285714285715095
9,190.09999999999349,8,-4.0,0.033333333333335324
12,220.0999999999917,4,-2.0,0.005882352941175484
29,390.1000000000202,2,-2.0,9.999999999997726
30,390.2000000000202,0,,
