index,t,n,dn,rates
1,110.09999999999802,6,-2.0,0.10000000000000568
2,120.09999999999745,4,-2.0,0.02000000000000113
7,170.09999999999462,2,1.0,0.10000000000000568
8,180.09999999999405,3,-1.0,0.0071428571428566205
22,320.1000000000043,2,-2.0,9.999999999997726
23,320.2000000000043,0,,
