index,t,n,dn,rates
367,136.71000000002064,2,-2.0,100.00000000009095
368,136.72000000002063,0,,
