index,t,n,dn,rates
209,120.91000000002495,8,-2.0,0.14705882352933622
277,127.71000000002844,6,-2.0,0.020661157024812016
761,176.1099999999848,4,-2.0,0.004638218923937426
2917,391.7099999997888,2,2.0,0.113636363636467
3005,400.5099999997808,4,-2.0,0.03154574132494988
3322,432.2099999997519,2,2.0,0.0058241118229523
5039,603.9099999995957,4,-2.0,0.01724137931036044
5619,661.9099999995432,2,-2.0,100.00000000009095
5620,661.9199999995432,0,,
