index,t,n,dn,rates
200,120.01000000002449,10,-2.0,0.014556040756924968
887,188.7099999999733,8,-2.0,0.13157894736853973
963,196.30999999996644,6,-2.0,0.04201680672272729
1201,220.1099999999448,4,-2.0,0.006480881399876273
2744,374.40999999980454,2,2.0,0.5000000000004832
2764,376.4099999998026,4,-2.0,0.08403361344545458
2883,388.3099999997918,2,-2.0,100.00000000009095
2884,388.3199999997918,0,,
