index,t,n,dn,rates
140,114.01000000002142,4,-2.0,0.025706940874046243
529,152.9100000000059,2,-2.0,100.00000000009095
530,152.9200000000059,0,,
