index,t,n,dn,rates
641,164.10999999999572,4,2.0,0.017513134851154265
1212,221.20999999994385,6,-2.0,0.051020408163311784
1408,240.809999999926,4,-2.0,0.005232862375724278
3319,431.9099999997522,2,2.0,0.0072358900144783465
4701,570.1099999996268,4,2.0,0.13513513513526426
4775,577.5099999996197,6,-2.0,0.47619047619090926
4796,579.6099999996178,4,-2.0,0.040000000000036014
5046,604.6099999995953,2,-2.0,100.00000000009095
5047,604.6199999995953,0,,
