index,t,n,dn,rates
2,120.09999999999745,4,-2.0,0.010000000000000576
12,220.0999999999917,2,-2.0,10.000000000000568
13,220.1999999999917,0,,
