index,t,n,dn,rates
3,130.0999999999969,6,-2.0,0.03333333333333523
6,160.0999999999952,4,-2.0,0.003571428571428106
34,440.1000000000317,2,-2.0,9.999999999997726
35,440.2000000000317,0,,
