index,t,n,dn,rates
2,120.09999999999745,6,-2.0,0.10000000000000554
3,130.0999999999969,4,-2.0,0.016666666666667614
9,190.09999999999349,2,2.0,0.10000000000000625
10,200.09999999999286,4,-2.0,0.10000000000000454
11,210.0999999999924,2,2.0,0.011111111111110206
20,300.09999999999974,4,-2.0,0.09999999999997783
21,310.10000000000196,2,-2.0,9.999999999997726
22,310.200000000002,0,,
