index,t,n,dn,rates
198,119.81000000002442,4,-2.0,0.04878048780489482
403,140.31000000001737,2,2.0,0.045248868778321696
624,162.40999999999727,4,-2.0,0.00352360817477417
3462,446.2099999997391,2,2.0,0.128205128205242
3540,454.0099999997322,4,-2.0,0.023752969121161777
3961,496.10999999969385,2,-2.0,100.00000000009095
3962,496.11999999969385,0,,
