index,t,n,dn,rates
2,120.09999999999745,10,-4.0,0.10000000000000554
3,130.0999999999969,6,-2.0,0.03333333333333523
6,160.0999999999952,4,-4.0,10.000000000000568
7,160.19999999999519,0,,
