index,t,n,dn,rates
1013,201.3099999999619,2,2.0,0.1694915254238846
1072,207.20999999995647,4,-2.0,0.010070493454188405
2065,306.50999999986624,2,2.0,0.017574692442898217
2634,363.40999999981454,4,-2.0,0.045454545454586916
2854,385.4099999997945,2,-2.0,100.00000000009095
2855,385.41999999979447,0,,
