index,t,n,dn,rates
1,110.09999999999802,8,-2.0,0.03333333333333521
4,140.09999999999633,6,-2.0,0.10000000000000568
5,150.09999999999576,4,-2.0,0.008333333333333531
17,270.0999999999929,2,2.0,0.033333333333325756
20,300.09999999999974,4,-2.0,0.04999999999998863
22,320.1000000000043,2,-2.0,9.999999999997726
23,320.2000000000043,0,,
