index,t,n,dn,rates
5,150.09999999999576,6,-2.0,0.05000000000000284
7,170.09999999999462,4,-2.0,0.05000000000000284
9,190.09999999999349,2,-2.0,10.000000000000568
10,190.19999999999348,0,,
