index,t,n,dn,rates
3,130.0999999999969,8,-2.0,0.03333333333333523
6,160.0999999999952,6,-4.0,0.10000000000000568
7,170.09999999999462,2,-2.0,10.000000000000568
8,170.19999999999462,0,,
