index,t,num_tips,x,y
0,0.2,2,[223.13200301 287.86799699],[137.41927668 137.41927668]
