index,t,n,dn,rates
22,155.0250000000181,6,-2.0,0.09999999999997726
26,165.02500000002038,4,-2.0,0.00493827160494024
107,367.52499999993967,2,2.0,0.00727272727273389
162,505.02499999981455,4,-2.0,0.0044444444444484916
252,730.0249999996097,2,-2.0,40.00000000003638
253,730.0499999996097,0,,
