index,t,n,dn,rates
60,250.02500000003968,4,1.0,0.3999999999999045
61,252.52500000004028,5,-1.0,0.0097560975609841
102,355.0249999999511,4,-2.0,0.02666666666669104
117,392.5249999999168,2,2.0,0.10000000000008981
121,402.52499999990783,4,-2.0,0.01176470588236365
155,487.52499999983047,2,-2.0,40.00000000003638
156,487.54999999983045,0,,
