index,t,n,dn,rates
38,480.1000000000407,2,2.0,0.0999999999999784
39,490.1000000000429,4,2.0,0.014285714285711038
46,560.1000000000588,6,-2.0,0.033333333333325756
49,590.1000000000656,4,2.0,0.049999999999988345
51,610.1000000000703,6,-2.0,0.0999999999999784
52,620.1000000000724,4,-2.0,0.04999999999998863
54,640.100000000077,2,2.0,0.009999999999997716
64,740.1000000000998,4,-4.0,9.999999999997726
65,740.2000000000999,0,,
