index,t,n,dn,rates
2,120.09999999999745,8,2.0,0.050000000000002806
4,140.09999999999633,10,-2.0,0.10000000000000568
5,150.09999999999576,8,-2.0,0.10000000000000568
6,160.0999999999952,6,-4.0,0.006249999999999645
22,320.1000000000043,2,-2.0,9.999999999997726
23,320.2000000000043,0,,
