index,t,n,dn,rates
5,150.09999999999576,4,-2.0,0.02000000000000116
10,200.09999999999286,2,-2.0,10.000000000000568
11,200.19999999999285,0,,
