index,t,n,dn,rates
1,110.09999999999802,8,-2.0,0.10000000000000568
2,120.09999999999745,6,-2.0,0.10000000000000554
3,130.0999999999969,4,-2.0,0.01428571428571511
10,200.09999999999286,2,-2.0,10.000000000000568
11,200.19999999999285,0,,
