index,t,n,dn,rates
11,127.52500000001189,4,-2.0,0.13333333333330352
14,135.02500000001356,2,-2.0,39.999999999990905
15,135.05000000001357,0,,
