index,t,n,dn,rates
20,150.02500000001697,4,-2.0,0.004705882352942789
105,362.52499999994416,2,-2.0,40.00000000003638
106,362.54999999994413,0,,
