index,t,n,dn,rates
1,110.09999999999802,4,-4.0,10.000000000000568
2,110.19999999999801,0,,
