index,t,n,dn,rates
17,142.52500000001527,2,2.0,0.022222222222217182
35,187.52500000002547,4,-2.0,0.007407407407409876
89,322.5249999999805,2,2.0,0.004301075268821115
182,555.0249999997691,4,2.0,0.015384615384629376
208,620.02499999971,6,1.0,0.4000000000003638
209,622.5249999997077,7,-1.0,0.008888888888896973
254,735.0249999996054,6,-2.0,0.002547770700636206
411,1127.5249999997188,4,-2.0,0.028571428571324442
425,1162.5249999998464,2,-2.0,39.99999999985448
426,1162.5499999998465,0,,
