index,t,n,dn,rates
14,240.09999999999062,2,-2.0,10.000000000000568
15,240.1999999999906,0,,
