index,t,n,dn,rates
0,100.09999999999859,8,3.0,0.10000000000000568
1,110.09999999999802,11,-1.0,0.050000000000002806
3,130.0999999999969,10,-2.0,0.10000000000000568
4,140.09999999999633,8,-2.0,0.03333333333333523
7,170.09999999999462,6,-2.0,0.011111111111111602
16,260.09999999999064,4,-2.0,0.033333333333325756
19,290.09999999999746,2,-2.0,9.999999999997726
20,290.1999999999975,0,,
