index,t,n,dn,rates
57,242.525000000038,4,-2.0,0.009523809523816798
99,347.5249999999578,2,-2.0,40.00000000003638
100,347.5499999999578,0,,
