index,t,n,dn,rates
3,107.52500000000731,4,2.0,0.026666666666660604
18,145.02500000001584,6,-2.0,0.13333333333330302
21,152.52500000001754,4,-2.0,0.024999999999994315
37,192.52500000002664,2,-2.0,39.999999999990905
38,192.55000000002664,0,,
