index,t,n,dn,rates
18,145.02500000001584,6,-2.0,0.006896551724138204
76,290.0250000000101,4,-1.0,0.4000000000003638
77,292.5250000000078,3,-1.0,0.1333333333334546
80,300.025000000001,2,2.0,0.05000000000004547
88,320.0249999999828,4,-2.0,0.03636363636366944
99,347.5249999999578,2,-2.0,40.00000000003638
100,347.5499999999578,0,,
