index,t,n,dn,rates
17,142.52500000001527,2,2.0,0.022222222222217182
35,187.52500000002547,4,-2.0,0.00727272727272977
90,325.02499999997826,2,2.0,0.004347826086960476
182,555.0249999997691,4,2.0,0.015384615384629376
208,620.02499999971,6,2.0,0.20000000000018645
210,625.0249999997053,8,-2.0,0.008888888888896964
255,737.5249999996031,6,-2.0,0.002564102564101803
411,1127.5249999997188,4,-2.0,0.028571428571324442
425,1162.5249999998464,2,-2.0,39.99999999985448
426,1162.5499999998465,0,,
