index,t,n,dn,rates
64,260.02500000003744,2,2.0,0.019047619047636393
85,312.52499999998963,4,2.0,0.025000000000022737
101,352.52499999995325,6,-2.0,0.20000000000018417
103,357.52499999994865,4,-1.0,0.4000000000003547
104,360.02499999994643,3,-3.0,40.00000000003638
105,360.0499999999464,0,,
