index,t,n,dn,rates
18,280.0999999999952,2,-1.0,0.09999999999997726
19,290.09999999999746,1,-1.0,9.999999999997726
20,290.1999999999975,0,,
