index,t,n,dn,rates
13,132.525000000013,4,-2.0,0.039999999999990904
23,157.52500000001868,2,-2.0,39.999999999990905
24,157.55000000001868,0,,
