index,t,n,dn,rates
40,200.02500000002843,2,-2.0,39.999999999990905
41,200.05000000002843,0,,
