index,t,n,dn,rates
4,140.09999999999633,2,-2.0,10.000000000000568
5,140.19999999999632,0,,
