index,t,n,dn,rates
1,102.5250000000062,8,2.0,0.39999999999990904
2,105.02500000000677,10,-2.0,0.09999999999997726
6,115.02500000000904,8,-2.0,0.09999999999997769
10,125.02500000001127,6,-2.0,0.09999999999997712
14,135.02500000001356,4,-2.0,0.026666666666660604
29,172.5250000000221,2,-2.0,39.999999999990905
30,172.5500000000221,0,,
