index,t,n,dn,rates
2,120.09999999999745,10,-2.0,0.10000000000000554
3,130.0999999999969,8,-2.0,0.05000000000000284
5,150.09999999999576,6,-2.0,0.0166666666666676
11,210.0999999999924,4,1.0,0.10000000000000711
12,220.0999999999917,5,-1.0,0.025000000000000657
16,260.09999999999064,4,2.0,0.019999999999995476
21,310.10000000000196,6,-2.0,0.006666666666665151
36,460.10000000003606,4,-2.0,0.019999999999995407
41,510.10000000004754,2,-2.0,9.999999999997726
42,510.20000000004757,0,,
