index,t,n,dn,rates
26,165.02500000002038,6,-2.0,0.0499999999999887
34,185.0250000000249,4,-2.0,0.066666666666651
40,200.02500000002843,2,-2.0,39.999999999990905
41,200.05000000002843,0,,
