index,t,n,dn,rates
13,132.525000000013,6,-2.0,0.014285714285711038
41,202.5250000000289,4,-2.0,0.003921568627453612
143,457.5249999998578,2,-2.0,40.00000000003638
144,457.5499999998578,0,,
