index,t,n,dn,rates
29,172.5250000000221,6,-2.0,0.19999999999995452
31,177.52500000002323,4,2.0,0.19999999999995224
33,182.52500000002442,6,-2.0,0.014814814814811466
60,250.02500000003968,4,-2.0,0.004597701149429323
147,467.5249999998488,2,-2.0,40.00000000003638
148,467.54999999984875,0,,
