index,t,n,dn,rates
22,320.1000000000043,2,2.0,0.01999999999999543
27,370.1000000000157,4,-2.0,0.014285714285711026
34,440.1000000000317,2,-2.0,9.999999999997726
35,440.2000000000317,0,,
