index,t,n,dn,rates
6,160.0999999999952,6,-2.0,0.10000000000000568
7,170.09999999999462,4,-2.0,0.02000000000000117
12,220.0999999999917,2,-2.0,10.000000000000568
13,220.1999999999917,0,,
