index,t,n,dn,rates
8,120.02500000001015,8,2.0,0.09999999999997726
12,130.02500000001243,10,-2.0,0.07999999999998181
17,142.52500000001527,8,-2.0,0.026666666666660604
32,180.0250000000238,6,-2.0,0.007017543859651256
89,322.5249999999805,4,-2.0,0.04000000000003629
99,347.5249999999578,2,-2.0,40.00000000003638
100,347.5499999999578,0,,
