index,t,n,dn,rates
1,110.09999999999802,6,-2.0,0.02000000000000113
6,160.0999999999952,4,-2.0,0.016666666666667638
12,220.0999999999917,2,-2.0,10.000000000000568
13,220.1999999999917,0,,
