index,t,n,dn,rates
32,180.0250000000238,6,-2.0,0.019999999999995452
52,230.02500000003516,4,-2.0,0.0015151515151528253
316,890.0249999994644,2,-2.0,40.00000000003638
317,890.0499999994644,0,,
