index,t,n,dn,rates
9,190.09999999999349,6,-2.0,0.007142857142856476
23,330.10000000000656,4,-4.0,9.999999999997726
24,330.2000000000066,0,,
