index,t,n,dn,rates
0,100.09999999999859,4,2.0,0.025000000000001413
4,140.09999999999633,6,-2.0,0.02000000000000114
9,190.09999999999349,4,-2.0,0.033333333333335324
12,220.0999999999917,2,1.0,0.10000000000000511
13,230.09999999999118,3,-1.0,0.004545454545453667
35,450.10000000003373,2,2.0,0.007692307692305947
48,580.1000000000632,4,-2.0,0.0024390243902433473
89,990.1000000001566,2,-2.0,9.999999999997726
90,990.2000000001566,0,,
