index,t,n,dn,rates
1,110.09999999999802,4,2.0,0.03333333333333521
4,140.09999999999633,6,-2.0,0.10000000000000568
5,150.09999999999576,4,-2.0,0.007142857142857056
19,290.09999999999746,2,-2.0,9.999999999997726
20,290.1999999999975,0,,
