index,t,n,dn,rates
2,120.09999999999745,4,-2.0,0.03333333333333521
5,150.09999999999576,2,2.0,0.05000000000000284
7,170.09999999999462,4,-2.0,0.10000000000000568
8,180.09999999999405,2,-2.0,10.000000000000568
9,180.19999999999405,0,,
