index,t,n,dn,rates
2,105.02500000000677,8,2.0,0.028571428571422097
16,140.0250000000147,10,-2.0,0.09999999999997726
20,150.02500000001697,8,-2.0,0.09999999999997726
24,160.02500000001925,6,-2.0,0.39999999999990904
25,162.52500000001982,4,-2.0,0.19999999999995452
27,167.52500000002095,2,-2.0,39.999999999990905
28,167.55000000002096,0,,
