index,t,n,dn,rates
36,190.0250000000261,2,-2.0,39.999999999990905
37,190.0500000000261,0,,
