index,t,n,dn,rates
3,130.0999999999969,8,-2.0,0.02500000000000142
7,170.09999999999462,6,-2.0,0.03333333333333529
10,200.09999999999286,4,2.0,0.05000000000000291
12,220.0999999999917,6,-6.0,10.000000000000568
13,220.1999999999917,0,,
