index,t,n,dn,rates
0,100.09999999999859,4,2.0,0.025000000000001413
4,140.09999999999633,6,-2.0,0.10000000000000568
5,150.09999999999576,4,-2.0,0.004761904761904365
26,360.10000000001327,2,-2.0,9.999999999997726
27,360.2000000000133,0,,
