index,t,n,dn,rates
7,170.09999999999462,2,-2.0,10.000000000000568
8,170.19999999999462,0,,
