index,t,n,dn,rates
6,160.0999999999952,4,-2.0,0.004347826086956049
29,390.1000000000202,2,-2.0,9.999999999997726
30,390.2000000000202,0,,
