index,t,n,dn,rates
24,160.02500000001925,2,-2.0,39.999999999990905
25,160.05000000001925,0,,
