index,t,n,dn,rates
12,220.0999999999917,2,-2.0,10.000000000000568
13,220.1999999999917,0,,
