index,t,n,dn,rates
14,135.02500000001356,2,2.0,0.007547169811319787
67,267.52500000003056,4,1.0,0.4000000000003638
68,270.0250000000283,5,-1.0,0.044444444444484865
77,292.5250000000078,4,-2.0,0.003960396039607563
178,545.0249999997782,2,2.0,0.2000000000001819
180,550.0249999997736,4,-2.0,0.006896551724144204
238,695.0249999996418,2,-2.0,40.00000000003638
239,695.0499999996417,0,,
