index,t,n,dn,rates
4,110.02500000000788,4,-2.0,0.07999999999998181
9,122.52500000001072,2,-2.0,39.999999999990905
10,122.55000000001073,0,,
