index,t,n,dn,rates
18,145.02500000001584,2,-2.0,39.999999999990905
19,145.05000000001584,0,,
