index,t,n,dn,rates
17,142.52500000001527,2,-2.0,39.999999999990905
18,142.55000000001527,0,,
