index,t,n,dn,rates
14,135.02500000001356,4,-2.0,0.021052631578942556
33,182.52500000002442,2,-2.0,39.999999999990905
34,182.55000000002443,0,,
