index,t,n,dn,rates
5,150.09999999999576,4,-2.0,0.011111111111111746
14,240.09999999999062,2,2.0,0.02499999999999714
18,280.0999999999952,4,-2.0,0.09999999999997726
19,290.09999999999746,2,2.0,0.033333333333325756
22,320.1000000000043,4,2.0,0.04999999999998863
24,340.10000000000883,6,-2.0,0.01666666666666286
30,400.10000000002253,4,-2.0,0.049999999999988776
32,420.100000000027,2,-2.0,9.999999999997726
33,420.20000000002705,0,,
