index,t,n,dn,rates
152,480.02499999983735,2,2.0,0.10000000000009152
156,490.0249999998282,4,2.0,0.1333333333334546
159,497.5249999998214,6,-2.0,0.1333333333334546
162,505.02499999981455,4,2.0,0.026666666666691
177,542.5249999997803,6,-2.0,0.017391304347841835
200,600.0249999997283,4,-2.0,0.003053435114506594
331,927.5249999994304,2,2.0,0.04000000000003638
341,952.5249999994077,4,-2.0,0.009302325581389654
384,1060.0249999994735,2,-2.0,39.99999999985448
385,1060.0499999994736,0,,
