index,t,n,dn,rates
5,150.09999999999576,2,-2.0,10.000000000000568
6,150.19999999999575,0,,
