index,t,n,dn,rates
35,187.52500000002547,2,-2.0,39.999999999990905
36,187.55000000002548,0,,
