index,t,n,dn,rates
4,140.09999999999633,8,-2.0,0.03333333333333523
7,170.09999999999462,6,-2.0,0.03333333333333529
10,200.09999999999286,4,-2.0,0.0049999999999992585
30,400.10000000002253,2,-2.0,9.999999999997726
31,400.20000000002256,0,,
