index,t,n,dn,rates
1,110.09999999999802,2,2.0,0.02000000000000113
6,160.0999999999952,4,-2.0,0.03333333333333523
9,190.09999999999349,2,2.0,0.10000000000000625
10,200.09999999999286,4,1.0,0.10000000000000454
11,210.0999999999924,5,-1.0,0.10000000000000711
12,220.0999999999917,4,-4.0,10.000000000000568
13,220.1999999999917,0,,
