index,t,n,dn,rates
34,185.0250000000249,2,-2.0,39.999999999990905
35,185.0500000000249,0,,
