index,t,n,dn,rates
17,142.52500000001527,6,-2.0,0.00677966101694939
76,290.0250000000101,4,-2.0,0.10000000000009095
80,300.025000000001,2,2.0,0.05000000000004547
88,320.0249999999828,4,-2.0,0.04000000000003638
98,345.0249999999601,2,-2.0,40.00000000003638
99,345.04999999996005,0,,
