index,t,n,dn,rates
16,140.0250000000147,2,-2.0,39.999999999990905
17,140.0500000000147,0,,
