index,t,n,dn,rates
32,180.0250000000238,6,-2.0,0.019999999999995452
52,230.02500000003516,4,-2.0,0.0015094339622654565
317,892.5249999994621,2,-2.0,40.00000000003638
318,892.5499999994621,0,,
