index,t,n,dn,rates
9,190.09999999999349,2,-2.0,10.000000000000568
10,190.19999999999348,0,,
