index,t,n,dn,rates
1,110.09999999999802,6,-2.0,0.025000000000001413
5,150.09999999999576,4,-2.0,0.0166666666666676
11,210.0999999999924,2,-2.0,10.000000000000568
12,210.1999999999924,0,,
