index,t,n,dn,rates
1,110.09999999999802,10,-4.0,0.10000000000000568
2,120.09999999999745,6,-2.0,0.03333333333333521
5,150.09999999999576,4,2.0,0.03333333333333523
8,180.09999999999405,6,-2.0,0.10000000000000568
9,190.09999999999349,4,-2.0,0.10000000000000625
10,200.09999999999286,2,-2.0,10.000000000000568
11,200.19999999999285,0,,
