index,t,n,dn,rates
11,210.0999999999924,4,-2.0,0.10000000000000711
12,220.0999999999917,2,-2.0,10.000000000000568
13,220.1999999999917,0,,
