index,t,n,dn,rates
46,215.0250000000317,2,-2.0,39.999999999990905
47,215.0500000000317,0,,
