index,t,n,dn,rates
0,100.02500000000565,8,2.0,0.1999999999999551
2,105.02500000000677,10,-2.0,0.13333333333330377
5,112.52500000000843,8,-2.0,0.07999999999998181
10,125.02500000001127,6,-2.0,0.09999999999997712
14,135.02500000001356,4,-2.0,0.026666666666660604
29,172.5250000000221,2,-2.0,39.999999999990905
30,172.5500000000221,0,,
