index,t,n,dn,rates
29,172.5250000000221,2,-2.0,39.999999999990905
30,172.5500000000221,0,,
