index,t,n,dn,rates
68,780.1000000001088,2,-2.0,9.999999999997726
69,780.2000000001088,0,,
