index,t,n,dn,rates
10,125.02500000001127,8,-2.0,0.04444444444443431
19,147.5250000000164,6,-2.0,0.05714285714284415
26,165.02500000002038,4,-2.0,0.033333333333325756
38,195.0250000000272,2,-2.0,39.999999999990905
39,195.0500000000272,0,,
