index,t,n,dn,rates
30,175.02500000002266,6,-2.0,0.19999999999995452
32,180.0250000000238,4,2.0,0.39999999999989994
33,182.52500000002442,6,-2.0,0.014814814814811466
60,250.02500000003968,4,-2.0,0.004597701149429323
147,467.5249999998488,2,-2.0,40.00000000003638
148,467.54999999984875,0,,
