index,t,n,dn,rates
7,170.09999999999462,4,-2.0,0.10000000000000568
8,180.09999999999405,2,-2.0,10.000000000000568
9,180.19999999999405,0,,
