index,t,n,dn,rates
17,142.52500000001527,4,2.0,0.030769230769223773
30,175.02500000002266,6,1.0,0.39999999999990904
31,177.52500000002323,7,-1.0,0.015384615384611887
57,242.525000000038,6,2.0,0.13333333333330352
60,250.02500000003968,8,-2.0,0.02666666666668609
75,287.52500000001237,6,-2.0,0.1333333333334546
78,295.02500000000555,4,-2.0,0.10000000000009095
82,305.02499999999645,2,-2.0,40.00000000003638
83,305.04999999999643,0,,
