index,t,n,dn,rates
27,370.1000000000157,4,-2.0,0.006249999999998583
43,530.100000000052,2,-2.0,9.999999999997726
44,530.200000000052,0,,
