index,t,n,dn,rates
1,110.09999999999802,6,-2.0,0.03333333333333521
4,140.09999999999633,4,1.0,0.10000000000000568
5,150.09999999999576,5,-3.0,0.10000000000000568
6,160.0999999999952,2,-2.0,10.000000000000568
7,160.19999999999519,0,,
