index,t,n,dn,rates
24,160.02500000001925,6,-2.0,0.07999999999998181
29,172.5250000000221,4,-2.0,0.028571428571422097
43,207.52500000003002,2,-2.0,39.999999999990905
44,207.55000000003002,0,,
