index,t,n,dn,rates
1,110.09999999999802,6,-2.0,0.050000000000002806
3,130.0999999999969,4,-2.0,0.012500000000000702
11,210.0999999999924,2,2.0,0.00769230769230672
24,340.10000000000883,4,-2.0,0.09999999999997612
25,350.1000000000112,2,-2.0,9.999999999997726
26,350.20000000001124,0,,
