index,t,n,dn,rates
2,120.09999999999745,4,-2.0,0.01666666666666761
8,180.09999999999405,2,1.0,0.10000000000000568
9,190.09999999999349,3,-1.0,0.014285714285714866
16,260.09999999999064,2,-2.0,9.999999999997726
17,260.19999999999067,0,,
