index,t,n,dn,rates
24,160.02500000001925,6,-2.0,0.07999999999998181
29,172.5250000000221,4,-2.0,0.026666666666660583
44,210.02500000003064,2,-2.0,39.999999999990905
45,210.05000000003065,0,,
