index,t,n,dn,rates
14,135.02500000001356,4,-2.0,0.022222222222217168
32,180.0250000000238,2,-2.0,39.999999999990905
33,180.0500000000238,0,,
