index,t,n,dn,rates
3,130.0999999999969,6,-2.0,0.02000000000000114
8,180.09999999999405,4,-2.0,0.02000000000000115
13,230.09999999999118,2,-2.0,10.000000000000568
14,230.19999999999118,0,,
