index,t,n,dn,rates
41,202.5250000000289,2,-2.0,39.999999999990905
42,202.55000000002892,0,,
