index,t,n,dn,rates
10,125.02500000001127,4,-2.0,0.13333333333330277
13,132.525000000013,2,-2.0,39.999999999990905
14,132.550000000013,0,,
