index,t,n,dn,rates
43,207.52500000003002,8,-2.0,0.09999999999997698
47,217.52500000003232,6,-2.0,0.00645161290322985
109,372.5249999999352,4,-2.0,0.20000000000018645
111,377.5249999999305,2,-2.0,40.00000000003638
112,377.5499999999305,0,,
