index,t,n,dn,rates
2,120.09999999999745,4,-2.0,0.00909090909090961
13,230.09999999999118,2,-2.0,10.000000000000568
14,230.19999999999118,0,,
