index,t,n,dn,rates
3,107.52500000000731,4,2.0,0.024999999999994315
19,147.5250000000164,6,-2.0,0.19999999999995452
21,152.52500000001754,4,-2.0,0.024999999999994315
37,192.52500000002664,2,-2.0,39.999999999990905
38,192.55000000002664,0,,
