index,t,n,dn,rates
53,232.5250000000357,4,-2.0,0.007547169811326099
106,365.0249999999419,2,-2.0,40.00000000003638
107,365.04999999994186,0,,
