index,t,n,dn,rates
10,200.09999999999286,4,-2.0,0.0333333333333352
13,230.09999999999118,2,-2.0,10.000000000000568
14,230.19999999999118,0,,
