index,t,n,dn,rates
8,180.09999999999405,2,-2.0,10.000000000000568
9,180.19999999999405,0,,
