index,t,n,dn,rates
13,230.09999999999118,2,-2.0,10.000000000000568
14,230.19999999999118,0,,
