index,t,n,dn,rates
2,120.09999999999745,6,-2.0,0.025000000000001413
6,160.0999999999952,4,-2.0,0.004166666666666192
30,400.10000000002253,2,2.0,0.01999999999999552
35,450.10000000003373,4,-2.0,0.01999999999999543
40,500.10000000004516,2,2.0,0.007692307692305943
53,630.1000000000747,4,-2.0,0.033333333333325756
56,660.1000000000815,2,-2.0,9.999999999997726
57,660.2000000000816,0,,
