index,t,n,dn,rates
5,150.09999999999576,6,-2.0,0.012500000000000715
13,230.09999999999118,4,-2.0,0.009999999999998463
23,330.10000000000656,2,-2.0,9.999999999997726
24,330.2000000000066,0,,
