index,t,n,dn,rates
1,110.09999999999802,4,-2.0,0.011111111111111748
10,200.09999999999286,2,-2.0,10.000000000000568
11,200.19999999999285,0,,
