index,t,n,dn,rates
6,160.0999999999952,4,-2.0,0.10000000000000568
7,170.09999999999462,2,-2.0,10.000000000000568
8,170.19999999999462,0,,
