index,t,n,dn,rates
5,150.09999999999576,6,-2.0,0.05000000000000284
7,170.09999999999462,4,-2.0,0.005882352941175979
24,340.10000000000883,2,-2.0,9.999999999997726
25,340.20000000000886,0,,
