index,t,n,dn,rates
28,170.02500000002152,2,-2.0,39.999999999990905
29,170.05000000002153,0,,
