index,t,n,dn,rates
31,410.1000000000248,4,-2.0,0.049999999999988776
33,430.1000000000293,2,-2.0,9.999999999997726
34,430.2000000000293,0,,
