index,t,n,dn,rates
102,355.0249999999511,4,-2.0,0.02666666666669104
117,392.5249999999168,2,2.0,0.10000000000008981
121,402.52499999990783,4,-2.0,0.012121212121223137
154,485.02499999983286,2,-2.0,40.00000000003638
155,485.04999999983283,0,,
